0.0,0.0,0.0,1.0,0.0,0.0,0.37,-0.0,-1.0,1.8,0.0,-1.0,1.8,-0.0,-1.0,1.8,0.0,-1.0,1.8,0.0,0.0,0.0,0.0,0.0,0.0,0.0,0.0,0.0,0.0,0.0,0.0,0.0,0.0,0.0,0.0,0.0,0.0
0.0,0.0,0.0,1.0,-1.7836177e-11,-6.25862e-12,0.36754772,4.4047047e-10,-1.0,1.8,-1.9098838e-10,-1.0,1.8,1.0650199e-09,-1.0,1.8,-1.09657304e-10,-1.0,1.8,8.052237e-08,4.302178e-09,3.8514445e-09,-1.4275966e-09,-5.741788e-10,-0.1962,2.0184073e-08,3.906168e-08,-5.77726e-09,-2.1991381e-08,-3.1365707e-10,-6.235734e-11,6.654038e-08,3.380075e-08,-3.0665554e-08,-3.5873887e-10,-1.227457e-09,-1.863237e-08
-0.00088090304,-0.000607538,0.000755596,0.99999905,0.00035236523,-4.4914975e-07,0.362862,4.918343e-06,-0.9532038,1.6684463,0.0086492775,-0.94334495,1.6201086,0.0041375575,-0.9790455,1.6766632,-0.025167743,-0.98919344,1.6785641,-0.3512329,-0.28640276,0.18509422,0.04735583,-0.0032077518,-0.20745355,0.08993094,4.993049,-14.498306,0.11427735,5.7715964,-19.01346,0.59273946,1.566714,-13.307585,-3.5382442,0.30954564,-13.132815
-0.004328837,1.8819796e-05,0.002191682,0.99998814,0.0011432001,-0.00029485163,0.35742176,0.006954005,-0.79659253,1.3129599,-0.033409998,-0.82822776,1.3537093,0.056666832,-0.9143279,1.3040364,-0.13339292,-0.942723,1.3197365,-0.41571468,0.007619577,0.11026922,0.034298368,-0.015801778,-0.37693763,1.0045878,6.81811,-13.637707,-3.1816318,4.680081,-8.655163,3.8511868,1.8163308,-15.526858,-6.5295486,1.037464,-14.362999
-0.00037995478,-0.002417945,0.0022869406,0.99999434,0.0023087456,-0.00025384309,0.34543633,0.02563481,-0.8411306,1.380194,-0.051022347,-0.84850764,1.39533,0.08910315,-0.98061156,1.3579967,-0.16832663,-1.0209123,1.3682661,0.4554959,0.07913001,0.015276116,0.07469135,0.0036193659,-0.6051184,0.55813324,-2.8478827,4.480578,0.37869802,-3.1374094,4.905703,0.5930297,-2.6106954,3.8436372,0.15195519,-3.1550188,4.4179764
0.0042763157,-0.0096623385,0.0039422917,0.9999364,0.0056473496,-0.00018308134,0.33392978,0.036937095,-0.9014254,1.441022,-0.041951727,-0.9155054,1.4618987,0.09987746,-1.06603,1.4490676,-0.17034543,-1.1163808,1.46655,0.5066049,-0.9151169,0.25947103,0.21974143,0.0032332032,-0.52816224,0.6139924,-2.7312894,2.1448085,0.49095032,-3.0802598,2.3520017,0.5611565,-3.9566593,3.777963,-0.14507553,-4.815372,4.3373866
0.007790159,-0.015313672,0.006090395,0.9998338,0.010340333,0.00015964192,0.33106187,0.046460237,-0.9253596,1.4419184,-0.032948148,-0.9445205,1.4646181,0.10577746,-1.1054825,1.4704541,-0.17022252,-1.163548,1.4926842,-0.0014631973,-0.3018637,0.17508033,0.2383076,0.022014337,0.057050604,0.11045404,-0.46987084,-0.75113285,0.1374867,-0.5619767,-0.8665487,-0.08205354,-0.56494737,-0.60101354,-0.14868268,-0.4713239,-0.7522199
0.0060460665,-0.0037566416,0.006311031,0.99995476,0.014634608,0.00066282647,0.3350743,0.0446609,-0.9141133,1.4405825,-0.03452755,-0.9305008,1.4581232,0.10049515,-1.0506536,1.4073038,-0.16645958,-1.1041024,1.4250863,-0.2030734,1.629937,-0.061177112,0.204997,0.029407129,0.26354134,-0.08628013,0.75096,0.33121762,-0.108249396,0.94220823,0.15267953,-0.24468893,3.9040632,-4.1630664,0.3417208,4.274392,-4.4553437
0.0040037576,0.01169777,0.006151051,0.9999046,0.018093824,0.0013506842,0.3388649,0.042697687,-0.90004283,1.4511522,-0.036485486,-0.9123809,1.4625909,0.12687272,-1.0085803,1.4420148,-0.20296672,-1.061884,1.4725697,-0.15264554,1.5568749,0.030140897,0.16121094,0.037955523,0.15737015,0.022902492,0.33867735,1.1037164,-0.03340298,0.5128262,0.76094264,1.8081983,2.2669919,2.0074632,-2.3859162,2.3031633,2.59662
0.004537442,0.020294175,0.0070132767,0.99975914,0.021365266,0.0019748632,0.34230754,0.046111334,-0.8879552,1.4454874,-0.032845166,-0.9001885,1.4543921,0.17790882,-0.98308367,1.4188548,-0.27647203,-1.052518,1.4684209,-0.00020680646,0.456378,0.098828316,0.1616704,0.024731802,0.1636888,0.09133247,0.2882595,-0.43268228,0.124845475,0.3743831,-0.69383025,2.7633584,0.21815926,-1.4550244,-4.336501,-0.53210866,-0.8210122
0.004523977,0.022516621,0.0065495763,0.99971473,0.02390116,0.0020587915,0.34690833,0.04556361,-0.8716576,1.4144607,-0.0325967,-0.88331246,1.4238887,0.23182465,-0.93734676,1.2996974,-0.3409195,-1.0057062,1.3562708,-0.017168328,-0.07777108,-0.14187616,0.10425193,-0.004721747,0.23138872,-0.119761124,0.5460712,-1.5982409,-0.04530718,0.6485579,-1.5496893,2.8508742,1.7041172,-4.544309,-2.8170352,2.0102816,-4.139544
0.000885465,0.018079668,0.0062660435,0.99981654,0.025388516,0.0018525941,0.3494373,0.03704038,-0.8664239,1.3846159,-0.04031659,-0.8741789,1.3888469,0.24541534,-0.9371729,1.3146117,-0.39990458,-1.008029,1.4010946,-0.15939586,-0.5089573,0.020853115,0.060327724,-0.008198782,0.07416852,-0.20122519,-0.015021086,-1.0765591,-0.1690793,0.09094127,-1.2592546,-0.09185213,0.06834562,1.0812877,-2.09729,0.02535581,2.5772898
0.0028318735,0.009331767,0.0066758986,0.9999301,0.026407866,0.0019907542,0.34961653,0.041145857,-0.8698203,1.3575753,-0.03572186,-0.8798303,1.3643112,0.24514231,-0.9617389,1.3465226,-0.41615096,-1.0233189,1.4118373,0.31604943,-1.0090861,0.03554664,0.042877667,0.01349861,-0.029392416,0.36114633,-0.5126927,-1.07521,0.33862987,-0.6322632,-0.9150015,-0.08275557,-1.4505839,0.94512546,-0.25098354,-1.2222078,-0.021640059
0.0059958696,0.00056140276,0.006857059,0.99995834,0.026809782,0.0022663693,0.3509316,0.04785061,-0.8657662,1.3212214,-0.028412238,-0.87902343,1.3328598,0.25300303,-0.9812364,1.3466839,-0.40933272,-1.0049952,1.3176287,0.014653646,-0.664114,-0.00077418104,0.005870737,0.009514236,0.11720906,-0.0034573972,0.21257032,-1.5514584,0.0629666,0.28367698,-1.565486,0.06281989,-0.7095625,-0.0039060563,-0.08751701,-0.8212467,0.14137006
0.0065065175,0.0025399602,0.006758521,0.99995273,0.026682097,0.002450665,0.35310665,0.04917161,-0.8541926,1.3095455,-0.026747972,-0.8676706,1.3217798,0.25241467,-0.96192664,1.324424,-0.4036858,-0.9860103,1.2963183,-0.0070254444,0.5276373,-0.023423482,-0.011944415,0.008927774,0.095301144,0.0028712377,0.4052208,0.202176,0.034203023,0.37793213,0.21014883,-0.13372856,1.4990773,-1.4139491,0.33065623,1.5319514,-1.398543
0.006972802,0.0037265809,0.006418484,0.99994814,0.026301444,0.0027295062,0.3534471,0.05068113,-0.8514477,1.3102994,-0.025166748,-0.86451983,1.3228459,0.2541282,-0.9559069,1.3176795,-0.3990971,-0.9996933,1.3323246,-0.005889437,-0.054359976,-0.02650425,-0.023553632,0.015755719,-0.01999809,0.017509121,-0.15743253,0.24695174,0.033697028,-0.10079,0.1583468,0.0721369,-0.11386586,0.35159042,0.2961354,-0.92156255,1.3217592
0.010208149,0.002412494,0.006183309,0.99992585,0.025658503,0.0030781827,0.3535758,0.057897814,-0.84842336,1.3037322,-0.01788484,-0.86445814,1.3217219,0.2620227,-0.95749724,1.3185662,-0.38531524,-0.994751,1.2889026,0.20787506,-0.14274883,-0.02608698,-0.038836274,0.014779743,0.021606093,0.23017104,0.013167471,-0.16790375,0.25054,-0.0017854124,-0.047334135,0.26305503,-0.033751387,-0.0011200011,0.21815366,-0.21668822,0.2588063
0.009696716,0.003951398,0.0060967384,0.9999265,0.02483966,0.0032302951,0.3543766,0.057290524,-0.8430122,1.3036512,-0.018409386,-0.8580294,1.3202193,0.26055327,-0.94644314,1.3102837,-0.38369504,-0.98305446,1.2800053,-0.055740308,0.20463902,-0.003739441,-0.041308425,0.005977205,0.044281222,-0.047797922,0.15431732,0.1947945,-0.030073766,0.17032951,0.13883853,-0.1017289,0.6927124,-0.5424313,0.093558274,0.6988944,-0.5470122
0.0091541875,0.0030367386,0.006261769,0.99993384,0.024054158,0.0034083503,0.35423985,0.056815047,-0.84276366,1.3041416,-0.01885532,-0.8566962,1.318625,0.26023424,-0.949761,1.3159944,-0.38601783,-0.98783463,1.2812124,-0.029726543,-0.19193691,0.02873459,-0.039290324,0.009964243,-0.029332202,0.011615117,-0.15662032,0.13497457,0.005119711,-0.12352231,0.030559707,0.03133435,-0.46690553,0.5901715,-0.14996836,-0.45241606,0.23822117
0.011178882,0.0006923207,0.0060897926,0.9999187,0.023138959,0.0039054307,0.35366634,0.06207863,-0.8437741,1.3020536,-0.013582583,-0.8589325,1.3190026,0.2670255,-0.959332,1.3269747,-0.38293412,-1.0006155,1.296817,0.08343546,-0.21181503,-0.041520298,-0.04945116,0.030417588,-0.021273922,0.15681097,-0.20481896,0.11367092,0.14120641,-0.19067957,0.15300748,0.2561417,-0.43474776,0.52254236,0.0720709,-0.4646569,0.6049103
0.010301914,0.0017067873,0.0058344314,0.9999284,0.022336315,0.0045081824,0.35359466,0.06199516,-0.8435407,1.308275,-0.013701079,-0.85608596,1.3216548,0.267153,-0.9552848,1.3274307,-0.3818545,-0.99563867,1.2961929,-0.09081062,0.15955015,-0.021069165,-0.033763476,0.03139849,0.0035684656,-0.0071583297,-0.07185991,0.46727216,-0.0065893866,0.08477947,0.23108307,-0.0151452795,0.38005847,-0.1578056,0.06914326,0.42570096,-0.2085127
0.009004268,0.0017950333,0.005735432,0.99994135,0.021676904,0.0052417354,0.35360208,0.06146772,-0.8438193,1.311902,-0.014239923,-0.85295284,1.3201014,0.2669095,-0.9548269,1.3298624,-0.3820307,-0.99383104,1.2966837,-0.099882334,-0.03546476,-0.0015640231,-0.03258067,0.039712854,0.003188416,0.015916832,-0.08769,0.22557116,0.010381166,0.08359195,-0.050722048,0.017953545,-0.023687446,0.13009384,0.0053503793,0.0074462965,0.075128734
0.008233998,0.002064158,0.005354474,0.9999496,0.021098863,0.0060504396,0.35322055,0.062061667,-0.8459121,1.3182762,-0.013722423,-0.8518438,1.3223611,0.26848453,-0.95564723,1.334221,-0.38095227,-0.9938927,1.3002411,-0.100316964,0.057369594,-0.054859877,-0.026382107,0.040201046,-0.024999352,0.0089387335,-0.2581214,0.5406954,0.00075302646,-0.035177376,0.2750556,0.06630504,-0.007388668,0.2040778,0.023106141,0.05942314,0.14820541
0.0073528793,0.002500214,0.00475714,0.99995846,0.020581812,0.0069340854,0.3528507,0.0625088,-0.84822786,1.3249867,-0.013365022,-0.8506045,1.324968,0.27034086,-0.9559952,1.3379936,-0.3793933,-0.99327135,1.3031005,-0.106675096,0.030276148,-0.057716027,-0.025241636,0.045840684,-0.009861592,0.011311368,-0.24155821,0.44070667,0.009233846,-0.023098096,0.18255463,0.07787686,-0.00447286,0.14573805,0.063091084,0.07742876,0.06344746
0.0064005028,0.002724671,0.004418358,0.999966,0.020312907,0.007877352,0.35285425,0.06309217,-0.8493534,1.3283061,-0.012818141,-0.8482269,1.3235232,0.2716301,-0.9556019,1.3390493,-0.3779065,-0.99176264,1.3028536,-0.10574755,0.002172962,-0.018235553,-0.0060591893,0.04692911,0.0058120484,0.023649007,-0.13757493,0.19766673,0.016777085,0.06570957,-0.09934967,0.047978394,0.02348701,0.00512575,0.044976577,0.103874415,-0.090738386
0.0059074084,0.0033685633,0.0037070196,0.99997,0.02009545,0.00876141,0.35269445,0.06422304,-0.8510212,1.3331228,-0.011749656,-0.8466009,1.3250018,0.27411276,-0.95433855,1.3396156,-0.37510103,-0.98987466,1.3032137,-0.082832485,0.07312328,-0.09810385,-0.013498276,0.04162463,-0.011499552,0.011467536,-0.22644216,0.46913576,0.010275347,-0.03181468,0.2492675,0.10313054,0.052271664,0.05736494,0.12535304,0.11278312,0.023140725
0.005106271,0.0031951857,0.003085359,0.99997705,0.019958397,0.009580987,0.35231316,0.06459935,-0.8542205,1.3374994,-0.011448806,-0.8464913,1.3257828,0.27622345,-0.9575926,1.3441926,-0.3739297,-0.99219924,1.3069106,-0.08839292,-0.026045825,-0.0376161,-0.0030770635,0.039688487,-0.017477894,0.017654752,-0.2750874,0.3335167,0.012915487,-0.03841131,0.046383206,0.08718323,-0.12865287,0.18113077,0.01937535,-0.08730317,0.12898982
0.0025596102,0.000554519,0.0019364831,0.9999947,0.019964326,0.010381559,0.3463429,0.061892882,-1.000264,1.607281,-0.021183537,-1.0024451,1.6128443,0.22982843,-1.0142032,1.511625,-0.3228608,-1.056707,1.5075073,-0.2573105,-0.3685607,-0.113021314,0.0051157293,0.04006955,-0.38788614,-0.76708907,-7.526454,10.846325,0.13340811,-8.034274,11.414991,-4.0924687,-1.821102,6.6585093,4.591435,-1.9503442,7.9869347
0.002774097,0.0023054318,0.00089092867,0.9999931,0.01894765,0.011176793,0.3355042,-0.030843845,-1.0420018,1.6841948,0.06895637,-1.0717402,1.7202661,0.1213529,-1.0041168,1.7352183,-0.18115442,-1.0366031,1.7476863,0.038455207,0.46223256,-0.07752503,-0.07095668,0.037121292,-0.63403004,-6.2377267,-0.20305037,2.6879888,6.1611185,-1.6378174,3.7699711,-6.502864,2.4445128,10.354794,8.193217,3.3562613,10.8412695
0.0011804363,0.007262341,0.00027769193,0.9999728,0.017283203,0.011890068,0.32114613,-0.1491079,-1.0224541,1.6840061,0.1831945,-1.051051,1.7091448,-0.018127734,-0.9192638,1.8953409,-0.026162526,-0.9183308,1.9172575,-0.19379236,0.43892372,-0.059068467,-0.08244216,0.034821592,-0.77423126,-4.9793043,0.8596476,2.5349755e-05,4.7135277,1.3738256,-0.4414404,-6.667281,4.5848775,6.4889464,7.0695596,6.509099,7.055689
-0.0015151971,0.0077589545,-0.00023809576,0.9999687,0.016745409,0.012652749,0.3059498,-0.16866419,-1.035414,1.6624725,0.19553351,-1.0407453,1.6528933,-0.08055315,-0.87287056,1.8894706,0.032593336,-0.8300845,1.9113107,-0.22246572,-0.17985867,-0.05399364,0.001598986,0.03946756,-0.7770998,0.9304779,-1.149477,-1.478629,-1.2012162,-0.028612997,-3.048251,-0.48533165,0.018768206,-0.6764261,0.16892111,1.9213613,-0.5572858
-0.0045187324,0.0065018395,-0.0006448978,0.9999684,0.01738523,0.013439273,0.2884369,-0.120949514,-1.1204582,1.7164184,0.13993423,-1.1006114,1.6867343,-0.06524447,-0.87439066,1.7866373,0.0044044475,-0.8142409,1.7976068,-0.29953822,-0.18860637,-0.024972301,0.04496897,0.038744226,-0.93945533,2.7187603,-4.8579865,2.2943356,-3.0608034,-3.596334,1.7417448,1.5411255,-0.37869653,-5.505055,-2.299202,-0.1883333,-6.1719656
-0.003820196,0.0044880756,-0.0012178596,0.9999819,0.01777575,0.014297088,0.26512945,-0.081402935,-1.2480342,1.8485589,0.11410059,-1.2169844,1.8310094,-0.043202933,-0.94408226,1.8918405,0.0010688207,-0.87736535,1.8969166,-0.01944718,0.19098292,-0.0312921,-0.0034653442,0.042354383,-1.243986,0.37374732,-5.4760623,5.805747,0.0061844247,-5.1096973,6.366056,-0.0076081976,-4.138692,7.5711107,0.047099344,-3.9210432,7.672679
-0.00081333774,0.011677841,-0.0013000411,0.9999306,0.017078709,0.0152191445,0.23744875,-0.10055717,-1.3280829,1.9790995,0.1629709,-1.2982514,1.9538867,-0.04887968,-0.968685,2.0417144,0.027169224,-0.91453993,2.0323775,0.3225826,0.9982935,-0.013520721,-0.049598616,0.047075197,-1.4504799,-1.9949204,-2.659509,5.3799987,3.4368656,-3.0647829,4.8632584,-0.6417513,0.38492417,6.423889,1.2017454,-1.6698734,7.0144477
0.0008978298,0.019103635,-0.0011401188,0.9998164,0.015481828,0.016204078,0.21077815,-0.10512359,-1.4359443,2.129243,0.1898552,-1.3828481,2.079516,-0.04799834,-1.008862,2.1605573,0.037991676,-0.9613853,2.164457,0.0658087,0.73628974,0.055232473,-0.11204755,0.0476737,-1.2351779,-0.35338283,-5.3273444,7.3190894,1.3927841,-4.730833,6.7792315,-0.0134983165,-2.286768,6.2774777,0.42888787,-1.9445238,6.05379
-0.00061707734,0.028571002,-0.00024748626,0.99959147,0.012606897,0.017188514,0.18882294,-0.115705095,-1.5272862,2.2601829,0.214492,-1.4597476,2.1963818,-0.052329212,-1.0315465,2.2619371,0.042027254,-0.9795726,2.260022,-0.18641175,1.07593,0.122007295,-0.17087395,0.05280855,-0.9926629,-0.5322796,-4.2718196,6.2776213,1.2604728,-3.458376,5.446946,-0.25690678,-0.5418627,4.4434605,0.16515312,-0.29996023,4.0569696
-0.0037825669,0.039579302,0.0008621113,0.99920887,0.008513697,0.018090539,0.17154817,-0.12939805,-1.597822,2.3700426,0.23682392,-1.512683,2.2889972,-0.059453975,-1.0278043,2.3343806,0.042344846,-0.97221136,2.324427,-0.29683816,1.0144966,0.10185961,-0.22688836,0.042239215,-0.7691544,-0.64404714,-3.4112475,5.2029614,1.1423919,-2.3610642,4.28277,-0.3902002,0.32414162,3.333323,0.019266808,0.6573169,2.797051
-0.006336864,0.052065257,0.002296696,0.9986209,0.0011690683,0.018537628,0.16129492,-0.14124069,-1.6201319,2.4526126,0.25505388,-1.5238768,2.3569982,-0.06624691,-0.9781952,2.3620987,0.039997946,-0.9242358,2.3474524,-0.20290916,1.1408509,0.17655058,-0.45471632,0.01084567,-0.34971792,-0.44495866,-0.9141395,4.2478466,0.82361627,-0.19482607,3.3301542,-0.4548633,2.9412842,1.0421638,-0.03127589,2.9248564,0.6056569
-0.008794949,0.06406995,0.0033100473,0.99790114,-0.011022938,0.018466104,0.16073301,-0.14970236,-1.565548,2.4965618,0.25887138,-1.4717399,2.3933568,-0.04232282,-0.8447771,2.3431654,0.013044125,-0.80845237,2.3226411,-0.11759702,0.931714,0.07941357,-0.6989996,-0.007527637,0.13703465,-0.2885308,2.4449408,2.5752363,0.28495207,2.2669663,2.183744,2.3242297,7.7178726,-1.229105,-1.908276,6.4641423,-1.5826991
-0.009879268,0.06872913,0.0033926594,0.99758065,-0.02833099,0.01830274,0.16970299,-0.14863804,-1.430492,2.4852428,0.2480773,-1.352161,2.382487,0.0013383027,-0.6589472,2.2692761,-0.004598211,-0.663994,2.2429175,-0.06272214,0.1340776,0.011766471,-0.97683823,-0.0045111896,0.59613127,0.17721575,6.030847,0.1765526,-0.53070927,5.4443417,-0.0033471286,2.6288571,9.449888,-4.3987055,-0.84857017,7.167183,-4.5012274
-0.013052746,0.063906744,0.004699357,0.99785936,-0.051902432,0.018532908,0.18805768,-0.13814422,-1.2313215,2.4124584,0.22222291,-1.1721777,2.3046632,-0.00020256796,-0.5033322,2.1315439,-0.010987666,-0.52274597,2.1062255,-0.26140884,-0.67745394,0.22484896,-1.3087969,0.023753012,1.057736,0.35611236,9.330276,-3.0741563,-1.0260308,8.65923,-3.742515,-0.35800982,7.4025674,-7.622274,-0.19158807,7.21581,-7.5807896
-0.016947147,0.049373448,0.007265277,0.9986101,-0.08122774,0.019140583,0.21541418,-0.12080501,-1.0005126,2.2576044,0.18906249,-0.9603762,2.1422129,-0.007965513,-0.34976295,1.9342577,-0.017543413,-0.37372714,1.9091572,-0.39578682,-1.9349349,0.33372372,-1.5465884,0.036207594,1.4739211,0.72968614,10.227676,-7.781268,-1.5448664,9.778673,-8.594367,-0.39034086,7.420045,-10.567913,-0.31099287,7.1664453,-10.569966
-0.022738416,0.012488986,0.00988769,0.9996145,-0.11256669,0.020068064,0.24878883,-0.10531376,-0.8017388,1.9958241,0.14714679,-0.7661594,1.8680294,-0.017771171,-0.24028435,1.7185888,-0.02627473,-0.2662721,1.6890055,-0.38557813,-4.756418,0.31938493,-1.556459,0.055638418,1.7106165,0.81391364,8.312162,-14.293442,-2.007032,8.5212,-15.152134,-0.2786823,3.892211,-10.40378,-0.29619092,4.1485014,-10.92077
-0.02445691,-0.053902388,0.01140224,0.9981815,-0.14252296,0.021346267,0.284743,-0.08640049,-0.6450036,1.6013739,0.10298568,-0.6009571,1.4640554,-0.018926753,-0.2207195,1.5349991,-0.026247455,-0.24864212,1.5036962,-0.102915615,-7.5120444,0.28900898,-1.4511126,0.06415394,1.7825369,0.7707086,7.305669,-21.779652,-3.3889987,7.265159,-21.03716,-0.13613302,-0.29262525,-8.695803,-0.03822173,-0.11825694,-9.057014
-0.021513933,-0.12530343,0.0124228,0.99180734,-0.17184432,0.022673575,0.31975532,-0.089370616,-0.4436408,1.1591784,0.103137426,-0.38635096,1.040658,-0.012201918,-0.22553997,1.3519002,-0.01916349,-0.25190338,1.3216971,0.23274784,-7.04138,0.28805274,-1.4525279,0.06381967,1.6849505,-0.38971084,9.874529,-17.809221,0.30643523,11.457314,-18.794683,0.19074376,-0.36227965,-9.246196,0.23795107,-0.30026466,-9.192544
-0.012462187,-0.1866736,0.014854775,0.9822306,-0.20023581,0.02393949,0.3504868,-0.17915387,-0.113666825,0.754817,0.22123677,-0.090740785,0.75782704,0.007031062,-0.21688062,1.1546447,-0.00017845408,-0.24799205,1.1393354,0.71662545,-6.079276,0.42728144,-1.3361955,0.05646119,1.3993318,-6.5364537,17.326445,-17.74258,7.4455137,14.136221,-7.5193825,0.67885673,0.11916769,-9.378647,0.7277503,-0.13864651,-8.65504
-0.008425201,-0.24173772,0.016448777,0.97016555,-0.22383377,0.025176592,0.37544218,-0.37577313,0.15406784,0.72588354,0.438065,0.15132794,0.80526036,0.015863195,-0.22555692,0.99164313,0.008949399,-0.2580433,0.98229694,0.13511269,-5.5907893,0.20195632,-1.0704119,0.061245468,1.156946,-11.951347,13.410589,0.00015468654,12.530207,12.495029,1.7347267,0.084951036,-0.9437804,-7.450157,0.1724673,-0.91341823,-7.4095964
-0.01069989,-0.33649483,0.015927475,0.9414898,-0.24143174,0.026962502,0.4014991,-0.48401278,0.18310335,0.8843591,0.48653775,0.1430511,1.0297018,0.015328005,-0.46103913,1.053844,0.0020292995,-0.49319983,1.037583,0.69574136,-11.950501,0.6772431,-0.8618586,0.11142856,1.3983095,0.3580872,-0.28556806,3.0466757,-0.6957097,-2.1817245,5.032435,0.75279105,-14.830866,4.1943245,0.83304536,-14.614185,3.9662924
-0.0083631305,-0.48615754,0.01737791,0.87365824,-0.25687623,0.029358955,0.43268475,-0.34395933,-0.07611174,1.111313,0.31056085,-0.17147762,1.2630241,0.021130906,-0.9597723,1.279184,0.0065462636,-0.98315054,1.2475269,0.20073898,-18.473541,0.38649443,-0.79457855,0.11780023,1.6282303,8.69567,-16.866774,6.146714,-10.605783,-20.654203,6.234078,0.12055787,-28.583054,11.289773,0.05924894,-27.891949,10.13951
-0.0072209714,-0.66234773,0.017476592,0.7489578,-0.2717703,0.031714704,0.46271166,-0.07378578,-0.56963354,1.1227366,-0.0078897895,-0.73242825,1.233048,-0.21118553,-1.5573324,1.5709106,0.2577209,-1.568763,1.5286115,0.4069023,-22.93037,0.4341752,-0.6787937,0.1228906,1.4240348,15.688932,-29.046947,-0.00028540613,-18.637001,-29.92574,-4.7195635,-20.220322,-28.067585,12.082097,21.641212,-27.759184,12.176406
-0.0045618797,-0.7882864,0.015409952,0.6150986,-0.28967145,0.034228552,0.48655528,0.2942445,-1.0924113,1.2937442,-0.4321947,-1.24439,1.351893,-0.48877108,-1.8254949,1.8432772,0.49001828,-1.8456745,1.7768375,0.29648745,-15.69823,1.2839761,-1.0999866,0.12572795,1.0004183,21.145262,-21.002768,5.835051,-20.37521,-19.742079,5.1002326,-0.002230486,-7.9346404,14.594211,-1.3866742,-8.393909,11.169186
0.0066005765,-0.8537772,0.0251906,0.51998687,-0.31017905,0.03676269,0.50085866,0.48583937,-1.3627924,1.6646663,-0.47892892,-1.4708179,1.7259623,-0.48862222,-1.623203,2.0486314,0.4552063,-1.6633905,1.9503906,0.30259883,-10.422137,0.6637645,-0.94925064,0.083580054,0.56794226,-0.33304507,-8.268089,19.16124,1.8602163,-6.106394,19.362741,0.027700454,15.652693,9.038526,-0.65385103,16.314163,7.0955606
0.012541385,-0.90325963,0.029699793,0.42788154,-0.32761377,0.038189106,0.50820106,0.4827633,-1.4985242,2.0655787,-0.4494501,-1.542987,2.122166,-0.48869222,-1.1676189,2.1935508,0.47790125,-1.188495,2.0957766,0.24664773,-11.055479,0.7609664,-0.77920943,0.069941804,0.27523553,-0.07270798,-5.5828567,19.1489,0.119691454,-1.7904946,18.538376,0.0043838103,22.999071,6.088827,0.027184589,24.471888,6.6564126
0.017348468,-0.94982314,0.03254035,0.3106062,-0.342056,0.039581988,0.5119615,0.48824006,-1.6183516,2.3273046,-0.48827142,-1.6110412,2.3717384,-0.48739055,-0.7488141,2.2482283,0.48892578,-0.72609407,2.1494622,0.15205202,-13.57376,0.8671777,-0.66074526,0.0821217,0.18830581,-0.11992787,-5.7013383,8.484478,0.20639151,-3.1546988,6.8964214,0.062695,17.29718,2.0648012,-0.46532467,19.026552,2.7902677
0.021076472,-0.9850379,0.037658818,0.16684645,-0.35501298,0.041362856,0.51434934,0.48829108,-1.7174592,2.3860576,-0.48839873,-1.7009134,2.4097254,-0.48808375,-0.46767282,2.2333994,0.48868695,-0.42703125,2.1417778,0.010079524,-15.459486,0.8955366,-0.6320127,0.09643907,0.111912005,-0.10580449,-4.30815,0.7224728,0.12446022,-4.557389,0.0010757573,0.00678505,10.666872,-0.01876375,-0.23571047,11.108867,-0.017242432
0.022521298,-0.99879265,0.04289583,0.008112829,-0.3674029,0.043352928,0.5144228,0.48860693,-1.7421273,2.3916354,-0.48860168,-1.7362522,2.4090068,-0.48685014,-0.29294342,2.150867,0.48859262,-0.27437553,2.0760734,-0.031118535,-16.238764,0.73908824,-0.6125219,0.1029658,-0.026417695,-0.0066517564,-0.0029065413,-1.210924e-05,0.057649493,-0.021567434,-0.065277755,-0.032833733,6.3466296,-3.6840127,-0.12726122,4.606046,-2.4841907
0.021616247,-0.98658186,0.04629446,-0.15506713,-0.37932563,0.04548496,0.51200426,0.4888006,-1.7000701,2.4221916,-0.4888156,-1.6973649,2.4292865,-0.4816862,-0.19662067,2.0643666,0.4862547,-0.22537334,2.009782,0.057535365,-16.533936,0.62151384,-0.59468836,0.10986103,-0.14843489,-0.00014092542,2.6721015,1.536431,-0.0045917295,2.4003375,0.82621425,0.0028120652,3.1970742,-3.2313833,-0.032482043,0.64116997,-2.388666
0.020250916,-0.94845945,0.044805434,-0.31306064,-0.39092752,0.047634237,0.5073715,0.43995073,-1.5847507,2.4648876,-0.487749,-1.5890149,2.484115,-0.47227758,-0.14738329,2.0163395,0.46452963,-0.22126743,1.9686533,0.17536236,-16.329136,0.63633263,-0.58196497,0.110519335,-0.25722355,-1.5488758,5.650816,2.2570724,0.044857062,5.7577376,2.6894643,0.5536022,1.4392598,-1.5277418,-0.5430075,-0.055048563,-1.6437845
0.019333277,-0.8872774,0.040849764,-0.45901662,-0.40270698,0.04975088,0.5007918,0.32975757,-1.4181044,2.4964502,-0.46034956,-1.426738,2.5503337,-0.44583893,-0.12220474,2.0027013,0.4166544,-0.21842441,1.9526213,0.3260545,-15.875216,0.75313026,-0.6104511,0.10653782,-0.3572459,-4.5449753,7.2484436,1.7794408,0.8865247,7.251098,3.1962368,1.3964242,0.5028092,-0.1539678,-2.1141028,-0.063981265,-0.45894006
0.01589451,-0.80694914,0.039445657,-0.58908767,-0.41547266,0.051989086,0.4920073,0.18270358,-1.2365819,2.4994664,-0.3557328,-1.247775,2.5923939,-0.38198113,-0.118445575,1.9983499,0.34646395,-0.21594143,1.9403082,0.19159505,-15.300586,0.3211162,-0.67550963,0.11342852,-0.4791643,-6.2053,7.5006213,0.39068767,4.878438,7.285626,2.236254,3.2841396,-0.056896448,-0.35956377,-3.4648569,-0.0715477,-0.6348932
0.01063583,-0.71193737,0.037410047,-0.7011651,-0.42936265,0.054221325,0.4804853,0.0107902065,-1.0576911,2.462307,-0.20115381,-1.0733908,2.5915825,-0.28581002,-0.13215765,1.9583204,0.2351704,-0.22102626,1.8927759,0.29098323,-14.681498,0.2513887,-0.73261684,0.110603094,-0.630771,-7.120912,7.293934,-0.9114009,6.73257,7.0790834,0.13261619,4.9939146,-1.2876403,-2.2617717,-5.791919,-0.41806188,-2.8023753
0.007246193,-0.6009968,0.03276727,-0.7985466,-0.44394296,0.0561588,0.4652073,-0.14803779,-0.9089102,2.3295298,-0.06317726,-0.91748387,2.478825,-0.19053905,-0.24925858,1.9010621,0.090241075,-0.30734488,1.8291177,0.24182653,-14.929698,0.49922442,-0.7568931,0.09364926,-0.83490473,-5.665591,5.4205194,-5.6481686,4.943951,6.046158,-5.037999,4.3080387,-7.5783467,-3.178545,-6.804908,-5.7771306,-3.4716039
0.005417469,-0.46967712,0.028150933,-0.8823727,-0.4582478,0.05772936,0.44598475,-0.22820476,-0.82466733,2.0870912,-0.015343655,-0.8152703,2.2133384,-0.11990215,-0.50955516,1.8081466,-0.043997966,-0.5229781,1.7422439,0.08895231,-15.747373,0.4484279,-0.73495007,0.076851174,-1.0249251,-1.5200989,2.2049806,-10.417592,0.06964582,3.2396412,-12.201891,3.1125681,-14.249165,-5.7640347,-5.80017,-11.858725,-5.27943
-0.0015777721,-0.32230458,0.027757403,-0.9462276,-0.47243688,0.059152424,0.42363438,-0.23175555,-0.7751605,1.7290804,-0.021158515,-0.72977334,1.8119082,-0.037474565,-0.86095935,1.6239135,-0.1443131,-0.80798787,1.560107,0.3250195,-15.85861,-0.068763874,-0.76115006,0.07395186,-1.1944038,0.08783663,1.1730646,-15.395146,-0.4714475,3.763309,-19.702196,4.109075,-17.469421,-10.465165,-4.791411,-14.113707,-9.891865
-0.014369929,-0.17296724,0.027772784,-0.9844311,-0.48844987,0.060541354,0.39761576,-0.22133702,-0.73200744,1.3765012,-0.032952793,-0.64460725,1.4047123,0.0683478,-1.1854231,1.3591987,-0.23485962,-1.0747757,1.3221651,0.92819095,-14.981061,-0.2562895,-0.8710377,0.0746731,-1.3934381,0.6932371,0.9986681,-13.154712,-0.4838544,4.1208816,-19.635149,5.4281154,-14.821262,-12.071984,-4.5098987,-12.313614,-10.597151
-0.017943192,-0.032374933,0.023993585,-0.9990266,-0.50718766,0.06232767,0.36847773,-0.23193218,-0.7223533,1.208191,-0.012442498,-0.823463,1.2737553,0.14581287,-1.4121892,1.1479685,-0.32515422,-1.2495717,1.1199244,-0.6612915,-13.628979,0.2524207,-1.0002956,0.10213531,-1.483824,-0.7644348,-0.030720301,-5.150188,0.23124586,-8.311447,-5.379787,2.3520818,-9.104353,-8.081154,-3.9370332,-6.7379723,-7.561052
-0.0061682537,0.08620474,0.020714218,-0.9960429,-0.5274138,0.06501596,0.33977574,-0.26710454,-0.7210204,1.1229861,-0.025399106,-0.95026076,1.1892788,0.17405483,-1.4561129,0.978643,-0.41689256,-1.4876981,1.1571207,-3.4948084,-9.183707,-0.07820694,-0.95603836,0.17640415,-1.2663953,-3.4800816,0.003595747,5.1781535e-06,-2.7335227,-5.1384044,-2.1787753,0.31987533,1.5545783,-1.0657661,-11.65563,-27.681353,24.4257
-0.002373055,0.12215193,0.024754215,-0.99219984,-0.54017234,0.06921488,0.32470995,-0.27104205,-0.6659021,0.9801596,-0.023628658,-0.9964831,1.222893,0.23294088,-1.6503696,1.1517963,-0.4857304,-1.7318168,1.3855225,0.09852139,0.067177914,-0.46395677,-0.4488047,0.22120997,-0.42720547,-0.12930277,2.2602808,-4.7166395,0.33259088,-0.98985964,4.2892632,2.5311203,-3.941686,6.1961937,1.1763574,-2.4606209,4.815335
2.5016514e-05,0.09344097,0.025668869,-0.9952938,-0.5458153,0.074028514,0.32395273,-0.25650495,-0.6242365,0.9535507,-0.017308405,-0.97424084,1.3017191,0.2210084,-1.5538547,1.1456765,-0.41499355,-1.6136448,1.3642576,-0.023677036,3.9189298,0.03771337,-0.21069407,0.24776876,0.17363045,0.19169576,-0.10979548,7.1482573,0.39724547,1.9237392,3.7289643,-1.193254,8.156063,-3.025135,4.3917875,9.194637,-3.7653065
0.0024184703,0.045266185,0.02604505,-0.9986324,-0.54983556,0.07895427,0.33073235,-0.2561943,-0.5962317,1.0717492,-0.010933447,-0.9105105,1.3668258,0.19310713,-1.3312674,1.0353302,-0.33360407,-1.3735539,1.2351073,-0.15430427,4.8250537,-0.116182424,-0.21074171,0.25018916,0.41105396,-0.05515902,2.014023,4.903543,0.2453797,3.4989047,2.867388,-0.5914694,10.931908,-3.490035,3.479155,12.318935,-7.368852
0.006734889,0.0015877866,0.027065065,-0.99960965,-0.55435026,0.08386806,0.33800858,-0.2609818,-0.55739313,1.1627469,-0.008932556,-0.8394693,1.4148927,0.19125736,-1.146295,1.08356,-0.31906313,-1.1500282,1.2314008,-0.22611018,3.9390755,-0.1195088,-0.22188488,0.24519853,0.3375367,-0.21168563,2.1911485,3.606652,0.24047065,3.5360417,1.8954719,0.0037668366,8.804941,2.7374954,-0.016330298,11.110535,0.6060226
0.0065038544,-0.024056388,0.028043782,-0.99929595,-0.55814475,0.08877079,0.34348923,-0.2516624,-0.52876,1.2116861,0.002958852,-0.7860646,1.4334221,0.19608161,-1.0126697,1.1668034,-0.32929757,-0.99068666,1.2874162,0.15210739,1.7192101,-0.13400833,-0.16491131,0.24253456,0.23299508,0.41562313,1.251933,1.6227508,0.76473945,2.5327332,-0.16020817,0.06488198,5.7242594,3.5593898,-0.5767632,6.4886446,2.6053627
0.0026374706,-0.026302924,0.030129476,-0.9991963,-0.56034607,0.093390785,0.34708756,-0.2317176,-0.5148586,1.2006024,0.019449448,-0.76116365,1.4106046,0.208622,-0.96899617,1.1690811,-0.3350719,-0.92266023,1.3090996,0.31316146,-0.51762146,-0.24950494,-0.07855557,0.2248176,0.13113742,1.0664644,0.4077587,-1.9743515,0.6074656,0.66509426,-1.6902286,0.97465944,-0.18922627,0.06898843,-0.28507745,1.7353662,0.3651412
0.0009824289,-0.014761414,0.032322537,-0.9993679,-0.5611673,0.09768442,0.34820226,-0.21031997,-0.5296444,1.1793634,0.017788384,-0.77194875,1.3764127,0.23184715,-1.0094362,1.1964763,-0.33123398,-0.9495834,1.3353415,-0.14776656,-1.2472391,-0.1644972,-0.023579516,0.20550573,0.020935263,0.69334155,-0.8519581,-0.8949951,-0.50831705,-0.73226315,-1.8897145,0.9003395,-2.5292525,1.871521,0.3389937,-2.2733316,1.6626146
0.0037420134,-0.0029207487,0.033364695,-0.99943197,-0.5609647,0.101578094,0.34772694,-0.18447518,-0.5781375,1.194101,-0.005600763,-0.80080885,1.3564314,0.24598764,-1.063364,1.2373904,-0.32957342,-0.9969285,1.3696454,-0.359126,-0.9746067,-0.058310095,0.026330829,0.18687813,-0.03965409,1.3855121,-2.3943796,-0.0175457,-1.3503807,-1.4710165,-0.82301164,0.59538525,-2.434413,1.8764527,0.05424606,-2.0821607,1.4828526
0.004740984,0.0032792427,0.033535346,-0.9994209,-0.5603039,0.10496743,0.34656593,-0.17618757,-0.59503365,1.200042,-0.019589646,-0.82024664,1.3551067,0.25874847,-1.0966887,1.2637265,-0.3253168,-1.0273699,1.3933423,0.020119678,-0.40106675,-0.011570379,0.03854955,0.15634428,-0.05825677,0.47728977,-0.61866707,0.2984166,-0.08968661,-0.5474943,-0.023806171,0.6746756,-1.2025274,0.9629136,0.34979618,-1.1771659,0.98350394
0.0052724914,0.0023621023,0.033655006,-0.9994167,-0.5594442,0.10772144,0.3453012,-0.17083606,-0.6079514,1.2232773,-0.014127723,-0.82403845,1.3611602,0.26671755,-1.1016673,1.2702729,-0.3188257,-1.0310383,1.3985358,-0.1571444,0.2850074,-0.010568839,0.04400354,0.123747535,-0.06076394,0.051222272,-0.40041566,1.1066382,0.1840565,-0.086383395,0.43111613,0.19303168,0.07508439,0.11757882,0.27735168,0.14921382,-0.0099760145
0.005540977,-0.0007366166,0.03363373,-0.99941856,-0.5585032,0.10991195,0.34397495,-0.16668953,-0.619229,1.2506387,-0.0083299875,-0.8276752,1.3735753,0.27204624,-1.0978727,1.2706344,-0.3127024,-1.0267466,1.3982111,-0.059095368,0.28669012,0.008536351,0.047159772,0.097901724,-0.06365971,0.09058645,-0.34936923,1.0253352,0.2801357,-0.07885299,0.45794463,0.1790514,0.105966695,0.060408935,0.27275786,0.11798848,0.025329933
0.005286234,-0.0027561213,0.033583913,-0.999418,-0.5574991,0.11157129,0.34297293,-0.16240594,-0.62815577,1.2696198,-0.002880149,-0.83138,1.3820238,0.2771167,-1.0960553,1.2702571,-0.30733895,-1.0253897,1.398449,-0.05168997,0.15633914,-0.00040965396,0.04961662,0.07065738,-0.035353184,0.11630252,-0.31415677,0.61382645,0.21388285,-0.016433932,0.13101105,0.12961736,0.015735906,-0.013760384,0.1913984,0.014183804,-0.027687691
0.0048631923,-0.003875373,0.03359772,-0.999416,-0.5565525,0.11277541,0.34252173,-0.1585948,-0.6342557,1.2802995,0.0015763695,-0.8335105,1.3851142,0.28134495,-1.0945822,1.2678202,-0.3027722,-1.0247953,1.3972207,-0.008070983,0.091990076,0.0011399252,0.043576278,0.05132325,-0.0121646905,0.07221758,-0.057809666,0.16247165,0.14552282,-0.0618754,0.05585353,0.11135211,0.03903216,-0.1163851,0.19472024,0.012710828,-0.09580865
0.004361988,-0.0045405845,0.033516083,-0.99941826,-0.555754,0.113650315,0.34222758,-0.15526655,-0.6386885,1.28721,0.005342971,-0.8353686,1.3867598,0.28467345,-1.0938019,1.2656598,-0.2992558,-1.0250611,1.3963593,0.018323943,0.06541079,0.017043088,0.035892636,0.03761814,-0.012358626,0.070920914,-0.01863492,0.09210052,0.18265359,-0.032339077,0.02901867,0.12958036,0.018900484,-0.0804083,0.16163588,-0.042228423,-0.028873712
